,Date ,series ,OPEN ,HIGH ,LOW ,PREV. CLOSE ,ltp ,close ,vwap ,52W H ,52W L ,VOLUME ,VALUE ,No of trades 
0,30-Apr-2021,EQ,"28,340.00","28,432.35","27,808.15","28,444.35","27,900.00","27,910.50","28,113.30","32,048.00","18,000.00",32147,"903,758,386.00",12546
1,29-Apr-2021,EQ,"28,701.05","29,050.00","28,249.40","28,687.55","28,495.00","28,444.35","28,594.99","32,048.00","18,000.00",47589,"1,360,806,898.05",15880
2,28-Apr-2021,EQ,"28,180.00","28,781.00","28,105.10","28,098.55","28,600.00","28,687.55","28,506.59","32,048.00","18,000.00",33961,"968,112,464.60",11208
3,27-Apr-2021,EQ,"28,185.70","28,325.00","27,965.00","28,062.60","28,063.20","28,098.55","28,087.65","32,048.00","18,000.00",31369,"881,081,464.80",9763
4,26-Apr-2021,EQ,"28,249.00","28,444.15","27,951.05","28,106.30","28,050.00","28,062.60","28,138.76","32,048.00","18,000.00",40346,"1,135,286,257.40",15326
5,23-Apr-2021,EQ,"28,499.00","28,673.35","27,926.00","28,521.95","28,080.00","28,106.30","28,143.96","32,048.00","18,000.00",70968,"1,997,320,451.80",24267
6,22-Apr-2021,EQ,"29,200.00","29,200.00","28,083.35","29,320.70","28,509.15","28,521.95","28,407.89","32,048.00","18,000.00",83043,"2,359,076,487.00",25809
7,20-Apr-2021,EQ,"30,420.00","30,655.80","29,051.00","30,057.75","29,230.00","29,320.70","29,554.29","32,048.00","18,000.00",72618,"2,146,173,243.10",22592
8,19-Apr-2021,EQ,"30,001.05","30,490.30","29,557.30","30,821.10","30,022.95","30,057.75","29,956.49","32,048.00","18,000.00",52945,"1,586,046,295.95",18095
9,16-Apr-2021,EQ,"30,440.00","30,988.80","30,056.15","30,305.40","30,612.20","30,821.10","30,658.26","32,048.00","16,222.30",58345,"1,788,756,463.30",19632
10,15-Apr-2021,EQ,"30,599.00","30,896.05","29,514.00","30,356.05","30,400.00","30,305.40","30,067.57","32,048.00","16,222.30",72414,"2,177,313,062.85",24202
11,13-Apr-2021,EQ,"30,200.00","30,699.90","30,110.00","29,881.05","30,420.95","30,356.05","30,382.43","32,048.00","16,222.30",91665,"2,785,005,211.65",29098
12,12-Apr-2021,EQ,"31,200.00","31,497.40","29,757.85","31,748.75","30,198.60","29,881.05","30,337.24","32,048.00","16,222.30",114698,"3,479,620,443.10",33755
13,09-Apr-2021,EQ,"31,682.40","31,990.00","31,120.00","31,582.65","31,601.45","31,748.75","31,573.09","32,048.00","15,882.15",146698,"4,631,708,558.65",27457
14,08-Apr-2021,EQ,"30,260.00","32,048.00","30,260.00","30,230.65","31,680.00","31,582.65","31,379.69","32,048.00","15,882.15",148094,"4,647,143,146.70",43801
15,07-Apr-2021,EQ,"30,140.00","30,580.70","29,953.00","30,114.10","30,251.40","30,230.65","30,274.36","30,628.40","15,882.15",40554,"1,227,746,197.50",16266
16,06-Apr-2021,EQ,"30,375.00","30,500.00","30,010.35","30,358.25","30,150.00","30,114.10","30,242.64","30,628.40","15,882.15",52886,"1,599,412,353.85",19536
17,05-Apr-2021,EQ,"29,900.00","30,628.40","29,650.00","29,951.95","30,375.00","30,358.25","30,193.46","30,628.40","15,882.15",124392,"3,755,825,310.30",30244
18,01-Apr-2021,EQ,"29,570.00","30,279.50","29,445.40","29,465.40","29,850.00","29,951.95","29,867.12","30,279.50","15,410.00",52771,"1,576,117,902.15",15708
19,31-Mar-2021,EQ,"29,094.45","29,660.00","28,756.00","29,094.45","29,410.00","29,465.40","29,402.63","29,660.00","15,410.00",82764,"2,433,478,909.35",23094
20,30-Mar-2021,EQ,"28,500.00","29,500.00","28,301.80","28,116.20","29,500.00","29,094.45","29,081.01","29,500.00","15,410.00",94570,"2,750,191,106.45",31530
21,26-Mar-2021,EQ,"27,810.70","28,319.95","27,673.05","27,580.35","28,150.00","28,116.20","28,100.69","29,090.00","15,410.00",74139,"2,083,356,954.40",19435
22,25-Mar-2021,EQ,"27,900.00","28,139.95","27,264.95","27,803.30","27,570.00","27,580.35","27,648.95","29,090.00","15,410.00",64357,"1,779,403,394.40",23213
23,24-Mar-2021,EQ,"28,172.00","28,390.65","27,719.90","28,312.20","27,840.00","27,803.30","27,979.25","29,090.00","15,410.00",63069,"1,764,623,287.10",22102
24,23-Mar-2021,EQ,"26,951.00","28,500.00","26,951.00","26,954.50","28,400.00","28,312.20","27,888.35","29,090.00","15,410.00",123156,"3,434,617,997.65",36013
25,22-Mar-2021,EQ,"26,900.00","27,214.15","26,618.00","26,936.70","26,940.15","26,954.50","26,868.11","29,090.00","15,410.00",45373,"1,219,086,857.80",14318
26,19-Mar-2021,EQ,"26,455.00","27,118.25","26,100.00","26,595.50","26,899.20","26,936.70","26,668.83","29,090.00","15,410.00",74153,"1,977,574,029.05",21067
27,18-Mar-2021,EQ,"27,125.00","27,269.95","26,450.00","26,842.20","26,669.75","26,595.50","26,825.96","29,090.00","15,410.00",38464,"1,031,833,732.95",14310
28,17-Mar-2021,EQ,"27,431.10","27,550.00","26,710.90","27,430.80","26,900.00","26,842.20","27,045.39","29,090.00","15,410.00",38409,"1,038,786,229.95",14658
29,16-Mar-2021,EQ,"27,895.00","27,948.25","27,351.10","27,644.55","27,360.00","27,430.80","27,614.11","29,090.00","15,410.00",38175,"1,054,168,816.10",13226
30,15-Mar-2021,EQ,"27,811.50","27,850.00","27,005.10","27,701.50","27,713.00","27,644.55","27,394.64","29,090.00","15,410.00",32587,"892,709,015.25",12679
31,12-Mar-2021,EQ,"27,878.00","27,980.00","27,541.00","27,555.80","27,630.00","27,701.50","27,713.65","29,090.00","15,410.00",43864,"1,215,631,389.25",15175
32,10-Mar-2021,EQ,"27,538.90","27,693.85","27,300.00","27,313.15","27,580.00","27,555.80","27,483.05","29,090.00","15,410.00",29812,"819,324,580.55",9961
33,09-Mar-2021,EQ,"27,445.00","27,980.00","27,151.85","27,185.05","27,250.00","27,313.15","27,551.34","29,090.00","15,410.00",59204,"1,631,149,690.60",18235
34,08-Mar-2021,EQ,"27,900.00","28,486.95","27,093.20","27,848.60","27,240.00","27,185.05","27,698.57","29,090.00","15,410.00",57156,"1,583,139,475.15",18881
35,05-Mar-2021,EQ,"28,300.50","28,894.85","27,740.95","28,676.60","27,850.00","27,848.60","28,271.57","29,090.00","15,410.00",65557,"1,853,399,458.25",22241
36,04-Mar-2021,EQ,"27,450.00","28,850.00","27,335.05","27,695.25","28,500.00","28,676.60","28,284.49","29,090.00","15,410.00",83170,"2,352,420,986.25",22747
37,03-Mar-2021,EQ,"27,755.50","28,159.55","27,550.75","27,658.75","27,678.90","27,695.25","27,826.51","29,090.00","15,410.00",40649,"1,131,119,983.05",13219
38,02-Mar-2021,EQ,"27,710.00","27,800.00","27,280.05","27,706.95","27,755.00","27,658.75","27,542.55","29,090.00","15,410.00",39347,"1,083,716,555.05",15176
39,01-Mar-2021,EQ,"26,600.50","27,832.50","26,600.50","26,501.70","27,665.00","27,706.95","27,249.12","29,090.00","15,410.00",58805,"1,602,384,413.60",19449
40,26-Feb-2021,EQ,"27,450.90","27,720.50","26,169.90","27,450.90","26,236.10","26,501.70","26,903.39","29,090.00","15,410.00",76766,"2,065,265,500.45",25498
41,25-Feb-2021,EQ,"27,553.00","27,879.90","27,238.30","27,553.00","27,485.35","27,450.90","27,509.62","29,090.00","15,410.00",52154,"1,434,736,624.95",15248
42,24-Feb-2021,EQ,"27,313.25","27,849.95","26,500.00","27,260.35","27,650.00","27,553.00","27,269.47","29,090.00","15,410.00",17368,"473,616,169.60",6474
43,23-Feb-2021,EQ,"27,165.00","27,532.05","26,770.00","27,090.85","27,379.80","27,260.35","27,151.82","29,090.00","15,410.00",46471,"1,261,772,420.75",14764
44,22-Feb-2021,EQ,"27,615.00","27,750.00","26,927.80","27,542.45","26,947.60","27,090.85","27,354.64","29,090.00","15,410.00",28369,"776,023,708.75",10339
45,19-Feb-2021,EQ,"27,649.95","27,857.45","26,753.35","27,623.35","27,529.00","27,542.45","27,508.45","29,090.00","15,410.00",50262,"1,382,629,723.25",18216
46,18-Feb-2021,EQ,"28,580.00","28,580.00","27,358.60","28,268.50","27,740.00","27,623.35","27,801.86","29,090.00","15,410.00",63910,"1,776,816,884.05",20322
47,17-Feb-2021,EQ,"28,569.40","28,840.45","28,150.05","28,597.40","28,340.00","28,268.50","28,508.59","29,090.00","15,410.00",41156,"1,173,299,374.80",11493
48,16-Feb-2021,EQ,"28,653.25","29,090.00","28,426.10","28,653.25","28,720.00","28,597.40","28,784.85","29,090.00","15,410.00",70319,"2,024,121,952.05",22650
49,15-Feb-2021,EQ,"28,184.95","28,840.00","28,101.35","27,965.85","28,639.95","28,653.25","28,519.72","28,840.00","15,410.00",61303,"1,748,344,235.70",17348
50,12-Feb-2021,EQ,"28,200.00","28,475.00","27,800.00","28,344.20","28,000.50","27,965.85","28,110.19","28,599.10","15,410.00",57620,"1,619,708,874.45",15452
51,11-Feb-2021,EQ,"28,268.00","28,500.00","28,010.25","28,293.75","28,150.15","28,344.20","28,249.27","28,599.10","15,410.00",54109,"1,528,539,800.35",15077
52,10-Feb-2021,EQ,"28,245.00","28,596.00","27,853.05","28,165.80","28,270.00","28,293.75","28,206.36","28,599.10","15,410.00",86564,"2,441,655,314.40",23159
53,09-Feb-2021,EQ,"27,360.10","28,599.10","27,360.10","28,022.20","28,250.50","28,165.80","28,154.19","28,599.10","15,410.00",137375,"3,867,681,857.00",30898
54,08-Feb-2021,EQ,"26,907.15","28,287.50","26,750.05","26,722.85","27,950.05","28,022.20","27,831.80","28,287.50","15,410.00",183938,"5,119,326,326.35",32393
55,05-Feb-2021,EQ,"27,112.50","27,286.95","26,614.05","27,091.00","26,722.00","26,722.85","26,938.49","27,329.25","15,410.00",63260,"1,704,129,143.30",19678
56,04-Feb-2021,EQ,"25,990.00","27,329.25","25,607.60","25,994.40","27,250.00","27,091.00","26,712.85","27,329.25","15,410.00",135104,"3,609,012,962.60",35433
57,03-Feb-2021,EQ,"26,400.00","26,579.00","25,731.05","26,432.55","26,000.00","25,994.40","26,170.70","26,650.00","15,410.00",110699,"2,897,070,002.50",30301
58,02-Feb-2021,EQ,"24,543.60","26,650.00","24,200.55","24,543.60","26,333.50","26,432.55","25,942.60","26,650.00","15,410.00",188876,"4,899,933,621.85",48663
59,01-Feb-2021,EQ,"23,100.00","24,690.45","22,711.95","22,773.35","24,600.00","24,543.60","23,713.69","25,979.50","15,410.00",112280,"2,662,573,190.35",30036
60,29-Jan-2021,EQ,"23,250.00","23,294.55","22,531.00","23,106.30","22,550.00","22,773.35","22,966.73","25,979.50","15,410.00",58005,"1,332,184,928.50",17700
61,28-Jan-2021,EQ,"22,745.00","23,189.85","22,670.65","22,820.20","22,950.30","23,106.30","22,948.51","25,979.50","15,410.00",41756,"958,237,951.60",16349
62,27-Jan-2021,EQ,"23,270.00","23,399.55","22,745.20","23,255.65","22,919.00","22,820.20","22,987.40","25,979.50","15,410.00",62620,"1,439,471,208.35",18412
63,25-Jan-2021,EQ,"24,050.00","24,050.00","23,160.80","23,694.30","23,225.00","23,255.65","23,538.36","25,979.50","15,410.00",55464,"1,305,531,741.40",17693
64,22-Jan-2021,EQ,"23,799.00","24,142.00","23,612.45","23,719.00","23,710.25","23,694.30","23,894.24","25,979.50","15,410.00",52209,"1,247,494,458.70",18390
65,21-Jan-2021,EQ,"24,075.00","24,299.80","23,602.00","23,979.95","23,791.00","23,719.00","23,980.28","25,979.50","15,410.00",51819,"1,242,634,169.75",16616
66,20-Jan-2021,EQ,"24,470.00","24,470.00","23,835.65","24,374.50","23,930.00","23,979.95","24,057.50","25,979.50","15,410.00",48477,"1,166,235,666.45",13573
67,19-Jan-2021,EQ,"23,801.00","24,474.85","23,789.00","23,846.90","24,340.00","24,374.50","24,104.62","25,979.50","15,410.00",38386,"925,279,993.10",13799
68,18-Jan-2021,EQ,"24,400.00","24,400.00","23,610.00","24,413.80","23,700.00","23,846.90","23,832.51","25,979.50","15,410.00",41808,"996,389,580.80",13735
69,15-Jan-2021,EQ,"24,720.00","24,844.70","24,212.85","24,855.60","24,361.50","24,413.80","24,433.79","25,979.50","15,410.00",35232,"860,851,394.80",12780
70,14-Jan-2021,EQ,"24,802.00","24,913.85","24,475.00","24,726.40","24,724.05","24,855.60","24,732.68","25,979.50","15,410.00",34671,"857,506,803.40",12229
71,13-Jan-2021,EQ,"25,585.00","25,600.00","24,567.50","25,369.10","24,650.00","24,726.40","24,916.69","25,979.50","15,410.00",71497,"1,781,468,540.05",20622
72,12-Jan-2021,EQ,"25,549.00","25,890.00","25,221.00","25,569.30","25,354.95","25,369.10","25,627.97","25,979.50","15,410.00",47467,"1,216,482,706.15",15906
73,11-Jan-2021,EQ,"25,800.00","25,950.00","25,400.00","25,813.40","25,400.05","25,569.30","25,674.15","25,979.50","15,410.00",58276,"1,496,186,830.20",18414
74,08-Jan-2021,EQ,"24,960.00","25,979.50","24,960.00","25,002.15","25,814.00","25,813.40","25,532.74","25,979.50","15,410.00",76285,"1,947,765,291.25",20347
75,07-Jan-2021,EQ,"24,715.00","25,200.00","24,659.85","24,824.35","25,025.00","25,002.15","24,973.74","25,655.50","15,410.00",73979,"1,847,532,161.35",20558
76,06-Jan-2021,EQ,"24,084.00","24,947.40","23,850.00","23,895.50","24,699.00","24,824.35","24,422.41","25,655.50","15,410.00",73142,"1,786,303,595.25",20190
77,05-Jan-2021,EQ,"24,199.00","24,199.00","23,701.05","24,034.20","23,922.00","23,895.50","23,890.98","25,655.50","15,410.00",47363,"1,131,548,365.00",14320
78,04-Jan-2021,EQ,"24,140.00","24,225.00","23,862.00","23,950.30","24,089.00","24,034.20","24,058.89","25,655.50","15,410.00",39942,"960,960,248.95",13790
79,01-Jan-2021,EQ,"24,050.00","24,276.50","23,865.00","24,013.20","23,990.00","23,950.30","24,029.91","25,655.50","15,410.00",50972,"1,224,852,629.15",12927
80,31-Dec-2020,EQ,"24,361.00","24,533.75","23,866.00","24,599.95","24,000.00","24,013.20","24,147.04","25,655.50","15,410.00",85988,"2,076,355,982.10",20011
81,30-Dec-2020,EQ,"23,872.30","24,701.60","23,750.00","23,839.65","24,549.85","24,599.95","24,220.67","25,655.50","15,410.00",57743,"1,398,574,203.60",14739
82,29-Dec-2020,EQ,"23,875.00","23,906.75","23,680.00","23,715.55","23,825.00","23,839.65","23,803.57","25,655.50","15,410.00",30966,"737,101,365.65",8499
83,28-Dec-2020,EQ,"24,000.00","24,109.95","23,571.05","23,826.75","23,745.00","23,715.55","23,768.17","25,655.50","15,410.00",58822,"1,398,091,240.00",16983
84,24-Dec-2020,EQ,"24,190.00","24,259.95","23,554.10","23,894.40","23,786.50","23,826.75","23,843.37","25,655.50","15,410.00",47939,"1,143,027,436.30",13574
85,23-Dec-2020,EQ,"23,916.70","24,240.00","23,830.90","23,916.70","23,950.00","23,894.40","23,983.10","25,655.50","15,410.00",30687,"735,969,404.80",8478
86,22-Dec-2020,EQ,"23,717.50","24,070.25","23,389.05","23,717.50","23,833.25","23,916.70","23,732.44","25,655.50","15,410.00",47637,"1,130,542,373.55",15422
87,21-Dec-2020,EQ,"24,550.00","24,550.00","23,249.15","24,574.40","23,750.00","23,717.50","24,003.61","25,655.50","15,410.00",55774,"1,338,777,537.30",16544
88,18-Dec-2020,EQ,"24,500.00","24,732.05","24,301.80","24,510.40","24,648.95","24,574.40","24,559.34","25,655.50","15,410.00",106488,"2,615,275,107.10",15330
89,17-Dec-2020,EQ,"24,383.70","24,899.00","24,315.00","24,259.10","24,599.90","24,510.40","24,640.71","25,655.50","15,410.00",75262,"1,854,509,426.80",18668
90,16-Dec-2020,EQ,"24,389.00","24,488.90","24,145.70","24,259.65","24,310.00","24,259.10","24,327.38","25,655.50","15,410.00",53857,"1,310,199,456.25",14566
91,15-Dec-2020,EQ,"23,750.00","24,325.00","23,722.20","23,722.20","24,223.00","24,259.65","24,140.23","25,655.50","15,410.00",75628,"1,825,677,617.10",17248
92,14-Dec-2020,EQ,"23,810.00","23,986.70","23,652.00","23,805.00","23,750.00","23,722.20","23,805.52","25,655.50","15,410.00",35173,"837,311,554.35",12221
93,11-Dec-2020,EQ,"23,780.00","23,958.00","23,585.05","23,758.10","23,750.00","23,805.00","23,694.33","25,655.50","15,410.00",54705,"1,296,198,112.30",13456
94,10-Dec-2020,EQ,"24,420.70","24,499.95","23,687.40","24,420.70","23,740.20","23,758.10","23,900.08","25,655.50","15,410.00",83757,"2,001,798,841.30",18213
95,09-Dec-2020,EQ,"24,890.00","24,949.20","24,351.00","24,775.75","24,428.05","24,420.70","24,602.93","25,655.50","15,410.00",67836,"1,668,964,612.15",18289
96,08-Dec-2020,EQ,"24,950.00","25,289.95","24,735.50","24,954.15","24,756.20","24,775.75","24,926.97","25,655.50","15,410.00",59029,"1,471,414,140.60",14009
97,07-Dec-2020,EQ,"25,000.00","25,089.00","24,724.00","24,912.85","24,831.65","24,954.15","24,927.21","25,655.50","15,410.00",39743,"990,682,117.90",10261
98,04-Dec-2020,EQ,"24,951.00","25,335.00","24,820.30","24,905.15","24,939.00","24,912.85","25,058.54","25,655.50","15,410.00",63298,"1,586,155,189.95",15899
99,03-Dec-2020,EQ,"24,785.00","25,040.60","24,702.35","24,635.70","24,930.00","24,905.15","24,866.86","25,655.50","15,410.00",57012,"1,417,709,214.60",15648
100,02-Dec-2020,EQ,"24,800.00","25,043.70","24,200.00","24,908.40","24,600.00","24,635.70","24,573.59","25,655.50","15,410.00",77649,"1,908,114,806.40",22732
101,01-Dec-2020,EQ,"25,555.00","25,655.50","24,549.40","24,306.35","24,849.75","24,908.40","24,896.54","25,655.50","15,410.00",95268,"2,371,843,714.55",23180
102,27-Nov-2020,EQ,"24,473.70","24,529.05","23,351.00","24,381.15","23,811.95","24,306.35","24,300.93","25,355.00","15,410.00",190961,"4,640,529,602.25",31219
103,26-Nov-2020,EQ,"23,949.00","24,600.00","23,700.00","23,698.80","24,473.70","24,381.15","24,047.99","25,355.00","15,410.00",74560,"1,793,017,767.85",18351
104,25-Nov-2020,EQ,"24,580.00","24,695.95","23,547.05","24,243.55","23,700.00","23,698.80","24,280.96","25,355.00","15,410.00",83059,"2,016,752,133.80",22318
105,24-Nov-2020,EQ,"24,550.00","24,688.90","24,067.15","24,465.30","24,285.00","24,243.55","24,284.12","25,355.00","15,410.00",66479,"1,614,383,761.10",16209
106,23-Nov-2020,EQ,"24,000.00","24,598.95","23,987.00","23,948.70","24,320.00","24,465.30","24,423.53","25,355.00","15,410.00",65833,"1,607,874,568.20",16972
107,20-Nov-2020,EQ,"23,827.30","24,010.95","23,630.30","23,661.65","23,987.00","23,948.70","23,824.59","25,355.00","15,410.00",50600,"1,205,524,433.65",14232
108,19-Nov-2020,EQ,"24,000.00","24,287.00","23,503.60","24,069.25","23,570.05","23,661.65","23,990.47","25,355.00","15,410.00",67099,"1,609,736,724.90",14474
109,18-Nov-2020,EQ,"23,989.75","24,134.70","23,756.00","23,989.75","24,093.70","24,069.25","23,955.44","25,355.00","15,410.00",57487,"1,377,126,225.35",13918
110,17-Nov-2020,EQ,"23,525.80","24,095.00","23,400.00","23,363.25","23,900.00","23,989.75","23,851.73","25,355.00","15,410.00",87042,"2,076,102,277.95",19789
111,14-Nov-2020,EQ,"23,500.00","23,600.00","23,280.45","23,435.50","23,303.70","23,363.25","23,412.38","25,355.00","15,410.00",7626,"178,542,815.90",1886
112,13-Nov-2020,EQ,"23,529.50","23,645.20","23,205.30","23,441.60","23,400.00","23,435.50","23,391.90","25,355.00","15,410.00",73676,"1,723,421,830.00",18284
113,12-Nov-2020,EQ,"23,120.00","23,624.00","22,880.00","22,867.55","23,485.15","23,441.60","23,343.92","25,355.00","15,410.00",178595,"4,169,108,211.60",38228
114,11-Nov-2020,EQ,"22,813.00","23,130.00","22,430.00","22,762.80","22,941.05","22,867.55","22,817.85","25,355.00","15,410.00",82845,"1,890,345,118.55",19939
115,10-Nov-2020,EQ,"22,630.00","23,230.00","22,630.00","22,604.70","22,812.20","22,762.80","22,944.37","25,355.00","15,410.00",112826,"2,588,721,326.50",25795
116,09-Nov-2020,EQ,"22,280.00","22,737.45","22,059.80","22,053.05","22,737.45","22,604.70","22,371.36","25,355.00","15,410.00",67025,"1,499,440,152.25",17470
117,06-Nov-2020,EQ,"22,155.00","22,378.90","21,960.00","22,239.40","22,100.00","22,053.05","22,126.30","25,355.00","15,410.00",58031,"1,284,011,499.35",16237
118,05-Nov-2020,EQ,"22,050.00","22,328.15","21,810.00","21,910.35","22,290.00","22,239.40","22,101.21","25,355.00","15,410.00",82737,"1,828,587,684.35",22211
119,04-Nov-2020,EQ,"21,876.10","22,077.05","21,725.25","21,876.10","21,948.00","21,910.35","21,930.61","25,355.00","15,410.00",61879,"1,357,044,516.20",15434
120,03-Nov-2020,EQ,"21,821.50","21,999.95","21,671.35","21,671.35","21,890.00","21,876.10","21,862.99","25,355.00","15,410.00",49230,"1,076,315,100.50",12432
121,02-Nov-2020,EQ,"21,694.55","21,898.55","21,512.10","21,694.55","21,660.20","21,671.35","21,687.44","25,355.00","15,410.00",46682,"1,012,413,074.35",14617
122,30-Oct-2020,EQ,"21,738.00","22,050.00","21,519.95","21,677.00","21,604.55","21,694.55","21,772.81","25,355.00","15,410.00",86132,"1,875,335,704.75",22410
123,29-Oct-2020,EQ,"21,299.00","21,799.95","21,105.05","21,361.20","21,599.75","21,677.00","21,487.45","25,355.00","15,410.00",71428,"1,534,805,375.70",19011
124,28-Oct-2020,EQ,"21,560.20","21,788.00","21,231.20","21,734.35","21,231.20","21,361.20","21,502.72","25,355.00","15,410.00",80647,"1,734,129,722.45",21120
125,27-Oct-2020,EQ,"20,548.50","22,100.00","20,424.75","20,424.70","21,500.00","21,734.35","21,499.42","25,355.00","15,410.00",239232,"5,143,348,901.85",57893
126,26-Oct-2020,EQ,"20,665.70","20,809.75","20,113.10","20,521.15","20,375.45","20,424.70","20,382.67","25,355.00","15,410.00",65851,"1,342,219,230.30",19087
127,23-Oct-2020,EQ,"21,165.00","21,272.30","20,257.05","20,991.70","20,900.00","20,521.15","20,643.68","25,355.00","15,410.00",78236,"1,615,078,709.65",18870
128,22-Oct-2020,EQ,"21,200.00","21,290.00","20,901.70","21,147.50","20,988.95","20,991.70","21,045.69","25,355.00","15,410.00",51638,"1,086,757,466.85",14102
129,21-Oct-2020,EQ,"21,250.00","21,426.95","20,680.15","21,184.80","21,111.05","21,147.50","21,126.27","25,355.00","15,410.00",57076,"1,205,802,941.45",15836
130,20-Oct-2020,EQ,"21,197.00","21,550.00","21,100.10","21,102.25","21,130.00","21,184.80","21,281.50","25,355.00","15,410.00",70614,"1,502,771,696.25",17877
131,19-Oct-2020,EQ,"21,200.00","21,400.00","21,022.10","21,177.45","21,200.00","21,102.25","21,239.04","25,355.00","15,410.00",48532,"1,030,772,876.05",11308
132,16-Oct-2020,EQ,"20,780.00","21,324.55","20,650.00","20,642.25","21,147.00","21,177.45","21,022.38","25,355.00","15,410.00",85125,"1,789,529,980.95",18962
133,15-Oct-2020,EQ,"21,260.00","21,260.00","20,505.20","21,135.90","20,549.65","20,642.25","20,915.93","25,355.00","15,410.00",55002,"1,150,418,004.50",13727
134,14-Oct-2020,EQ,"21,088.00","21,320.00","20,651.40","21,088.00","21,040.00","21,135.90","20,969.00","25,355.00","15,410.00",69326,"1,453,696,727.65",16076
135,13-Oct-2020,EQ,"20,951.00","21,700.00","20,850.00","20,956.10","20,974.85","21,088.00","21,385.01","25,355.00","15,410.00",115699,"2,474,224,322.25",26591
136,12-Oct-2020,EQ,"21,165.00","21,397.95","20,845.05","21,198.50","20,950.00","20,956.10","21,038.93","25,355.00","15,410.00",56254,"1,183,523,939.30",13672
137,09-Oct-2020,EQ,"20,800.00","21,250.00","20,686.50","20,735.55","21,192.00","21,198.50","21,080.93","25,355.00","15,410.00",90353,"1,904,725,367.00",19905
138,08-Oct-2020,EQ,"20,721.20","20,850.00","20,490.00","20,712.50","20,750.00","20,735.55","20,659.72","25,355.00","15,410.00",63460,"1,311,065,711.20",19446
139,07-Oct-2020,EQ,"20,325.00","20,800.00","20,097.95","20,296.95","20,705.00","20,712.50","20,560.63","25,355.00","15,410.00",78989,"1,624,063,721.35",19850
140,06-Oct-2020,EQ,"20,155.00","20,446.45","20,001.00","20,131.80","20,325.00","20,296.95","20,239.16","25,355.00","15,410.00",58671,"1,187,451,569.95",13789
141,05-Oct-2020,EQ,"20,600.00","20,719.05","20,000.00","20,611.00","20,045.00","20,131.80","20,279.37","25,355.00","15,410.00",63076,"1,279,141,429.65",15451
142,01-Oct-2020,EQ,"20,400.00","20,659.95","20,325.00","20,256.95","20,600.00","20,611.00","20,517.33","25,355.00","15,410.00",71915,"1,475,503,942.80",12734
143,30-Sep-2020,EQ,"19,860.00","20,535.00","19,661.85","19,834.65","20,184.95","20,256.95","20,227.76","25,355.00","15,410.00",121119,"2,449,966,474.45",26009
144,29-Sep-2020,EQ,"19,599.00","19,970.00","19,351.40","19,533.15","19,795.00","19,834.65","19,722.83","25,355.00","15,410.00",90411,"1,783,160,669.15",19055
145,28-Sep-2020,EQ,"19,200.00","19,655.00","19,080.00","19,008.45","19,640.00","19,533.15","19,371.20","25,355.00","15,410.00",40663,"787,691,218.95",9918
146,25-Sep-2020,EQ,"18,391.50","19,150.00","18,364.55","18,341.95","18,902.00","19,008.45","18,791.43","25,355.00","15,410.00",55983,"1,052,000,745.50",13365
147,24-Sep-2020,EQ,"18,800.00","18,846.90","18,183.55","18,951.85","18,340.00","18,341.95","18,496.99","25,355.00","15,410.00",64618,"1,195,238,497.05",14995
148,23-Sep-2020,EQ,"18,985.50","19,115.30","18,536.80","18,982.45","18,931.00","18,951.85","18,845.04","25,355.00","15,410.00",45567,"858,712,099.35",9591
149,22-Sep-2020,EQ,"19,075.00","19,187.20","18,424.00","18,903.70","18,840.00","18,982.45","18,849.83","25,355.00","15,410.00",71503,"1,347,819,600.10",18326
150,21-Sep-2020,EQ,"19,520.95","19,600.00","18,707.65","19,520.95","18,778.90","18,903.70","19,174.39","25,355.00","15,410.00",35929,"688,916,700.00",10150
151,18-Sep-2020,EQ,"19,915.00","20,108.55","19,399.50","19,888.40","19,490.75","19,520.95","19,682.72","25,355.00","15,410.00",82189,"1,617,703,064.65",20677
152,17-Sep-2020,EQ,"20,375.00","20,375.00","19,795.95","20,387.85","19,910.00","19,888.40","20,005.88","25,355.00","15,410.00",65445,"1,309,284,998.80",16626
153,16-Sep-2020,EQ,"20,065.25","20,492.55","19,946.15","20,065.25","20,300.00","20,387.85","20,270.72","25,355.00","15,410.00",51069,"1,035,205,213.00",11631
154,15-Sep-2020,EQ,"19,779.00","20,147.90","19,600.00","19,789.50","20,070.00","20,065.25","19,947.59","25,355.00","15,410.00",71895,"1,434,132,114.90",16117
155,14-Sep-2020,EQ,"19,512.30","19,985.00","19,500.00","19,502.50","19,680.00","19,789.50","19,751.73","25,355.00","15,410.00",60868,"1,202,248,112.20",16661
156,11-Sep-2020,EQ,"19,735.50","19,735.50","19,365.10","19,643.35","19,500.00","19,502.50","19,452.33","25,355.00","15,410.00",61264,"1,191,727,512.30",11415
157,10-Sep-2020,EQ,"19,500.00","19,750.00","19,319.00","19,401.50","19,735.50","19,643.35","19,512.12","25,355.00","15,410.00",44713,"872,445,254.35",12038
158,09-Sep-2020,EQ,"19,300.00","19,566.00","19,068.05","19,355.85","19,448.00","19,401.50","19,304.96","25,355.00","15,410.00",83567,"1,613,257,804.55",21677
159,08-Sep-2020,EQ,"19,782.95","20,199.00","19,272.10","19,782.95","19,350.00","19,355.85","19,538.34","25,355.00","15,410.00",65858,"1,286,755,905.50",18205
160,07-Sep-2020,EQ,"20,100.00","20,119.15","19,636.05","20,025.30","19,760.00","19,782.95","19,792.43","25,355.00","15,410.00",59729,"1,182,181,986.40",16185
161,04-Sep-2020,EQ,"20,300.00","20,500.00","19,950.00","20,429.00","19,952.75","20,025.30","20,170.00","25,355.00","15,410.00",64482,"1,300,601,804.85",18178
162,03-Sep-2020,EQ,"20,540.00","20,849.00","20,250.70","20,563.60","20,445.00","20,429.00","20,371.03","25,355.00","15,410.00",50370,"1,026,088,946.15",13783
163,02-Sep-2020,EQ,"20,599.00","20,748.40","20,450.00","20,466.60","20,540.00","20,563.60","20,594.62","25,355.00","15,410.00",49617,"1,021,843,257.45",15243
164,01-Sep-2020,EQ,"20,449.00","20,599.95","19,975.00","20,283.00","20,440.00","20,466.60","20,292.38","25,355.00","15,410.00",74780,"1,517,464,241.00",17866
165,31-Aug-2020,EQ,"21,478.90","21,550.00","20,010.00","21,329.55","20,180.00","20,283.00","20,602.04","25,355.00","15,410.00",114636,"2,361,735,289.40",28768
166,28-Aug-2020,EQ,"21,645.00","21,800.00","21,251.50","21,528.00","21,350.00","21,329.55","21,441.68","25,355.00","15,410.00",52820,"1,132,549,305.50",14668
167,27-Aug-2020,EQ,"21,710.65","21,753.30","21,460.00","21,710.65","21,599.90","21,528.00","21,533.46","25,355.00","15,410.00",40826,"879,124,886.55",10873
168,26-Aug-2020,EQ,"21,950.00","21,999.00","21,600.05","21,810.75","21,650.00","21,710.65","21,754.37","25,355.00","15,410.00",38074,"828,275,769.80",13026
169,25-Aug-2020,EQ,"22,260.20","22,461.75","21,650.00","22,210.75","21,950.00","21,810.75","21,822.75","25,355.00","15,410.00",64964,"1,417,693,215.25",18480
170,24-Aug-2020,EQ,"22,317.75","22,543.00","22,156.00","22,317.75","22,212.00","22,210.75","22,344.24","25,355.00","15,410.00",37880,"846,399,976.05",13732
171,21-Aug-2020,EQ,"22,160.00","22,467.80","22,100.30","22,080.20","22,360.00","22,317.75","22,303.62","25,355.00","15,410.00",34260,"764,122,136.20",10970
172,20-Aug-2020,EQ,"21,974.00","22,236.45","21,788.20","22,081.30","22,044.75","22,080.20","22,025.22","25,355.00","15,410.00",37684,"829,998,305.75",11546
173,19-Aug-2020,EQ,"22,148.00","22,173.30","21,850.05","21,914.30","22,080.00","22,081.30","22,056.59","25,355.00","15,410.00",47993,"1,058,562,138.50",15032
174,18-Aug-2020,EQ,"21,512.75","21,950.00","21,512.75","21,512.75","21,900.00","21,914.30","21,791.52","25,355.00","15,410.00",76377,"1,664,370,803.70",20012
175,17-Aug-2020,EQ,"21,600.00","21,649.90","21,401.00","21,458.25","21,530.00","21,512.75","21,524.97","25,355.00","15,410.00",34712,"747,174,773.20",10725
176,14-Aug-2020,EQ,"21,395.00","21,700.00","21,201.55","21,237.00","21,470.90","21,458.25","21,477.55","25,355.00","15,410.00",78902,"1,694,622,010.75",22615
177,13-Aug-2020,EQ,"21,569.00","21,644.45","21,103.30","21,378.90","21,294.00","21,237.00","21,305.58","25,355.00","15,410.00",66877,"1,424,853,015.75",14448
178,12-Aug-2020,EQ,"21,566.00","21,634.70","21,270.00","21,551.60","21,425.00","21,378.90","21,437.39","25,355.00","15,410.00",72534,"1,554,939,603.20",18702
179,11-Aug-2020,EQ,"21,920.00","21,989.95","21,322.00","22,396.40","21,530.00","21,551.60","21,488.02","25,355.00","15,410.00",188583,"4,052,274,456.05",38392
180,10-Aug-2020,EQ,"22,200.00","22,550.00","21,939.55","21,910.10","22,330.00","22,396.40","22,354.07","25,355.00","15,410.00",125348,"2,802,037,804.40",20955
181,07-Aug-2020,EQ,"21,900.00","22,074.15","21,621.30","21,722.85","21,849.50","21,910.10","21,891.77","25,355.00","15,410.00",41439,"907,172,892.15",9744
182,06-Aug-2020,EQ,"22,120.00","22,165.00","21,530.00","22,103.90","21,849.85","21,722.85","21,950.28","25,355.00","15,410.00",56603,"1,242,451,824.05",14287
183,05-Aug-2020,EQ,"21,793.35","22,150.00","21,451.10","21,593.75","22,105.00","22,103.90","21,832.90","25,355.00","15,410.00",84442,"1,843,614,055.55",16544
184,04-Aug-2020,EQ,"21,700.00","21,940.95","21,325.90","21,747.25","21,600.00","21,593.75","21,570.26","25,355.00","15,410.00",52275,"1,127,585,437.15",15263
185,03-Aug-2020,EQ,"21,670.05","21,864.05","21,490.00","21,711.15","21,745.00","21,747.25","21,704.74","25,355.00","15,410.00",29527,"640,875,739.15",11135
186,31-Jul-2020,EQ,"21,395.50","21,890.00","21,350.00","21,395.10","21,670.00","21,711.15","21,681.62","25,355.00","15,410.00",50697,"1,099,193,204.80",15056
187,30-Jul-2020,EQ,"21,845.00","22,025.00","21,300.00","21,743.65","21,380.00","21,395.10","21,621.78","25,355.00","15,410.00",51699,"1,117,824,346.85",15095
188,29-Jul-2020,EQ,"21,696.60","22,200.00","21,624.00","21,915.75","21,710.00","21,743.65","21,942.08","25,355.00","15,410.00",65355,"1,434,024,363.45",16643
189,28-Jul-2020,EQ,"21,147.00","22,020.00","21,110.00","21,113.85","21,905.00","21,915.75","21,606.78","25,355.00","15,410.00",96902,"2,093,740,057.60",22210
190,27-Jul-2020,EQ,"21,449.95","21,590.00","21,015.95","21,332.75","21,100.00","21,113.85","21,330.42","25,355.00","15,410.00",61733,"1,316,790,823.05",14726
191,24-Jul-2020,EQ,"21,547.10","21,600.00","21,160.00","21,568.15","21,280.00","21,332.75","21,340.60","25,355.00","15,410.00",58309,"1,244,349,055.60",14834
192,23-Jul-2020,EQ,"22,023.00","22,129.45","21,501.00","21,979.45","21,560.00","21,568.15","21,689.15","25,355.00","15,410.00",69558,"1,508,653,980.10",14878
193,22-Jul-2020,EQ,"22,500.00","22,534.90","21,919.30","22,440.75","22,012.00","21,979.45","22,135.49","25,355.00","15,410.00",44686,"989,146,486.60",11766
194,21-Jul-2020,EQ,"22,495.00","22,810.00","22,260.15","22,266.10","22,387.00","22,440.75","22,535.60","25,355.00","15,410.00",73617,"1,659,003,256.00",19325
195,20-Jul-2020,EQ,"22,325.05","22,399.90","22,007.30","22,269.95","22,236.05","22,266.10","22,232.56","25,355.00","15,410.00",38325,"852,062,725.10",13676
196,17-Jul-2020,EQ,"21,731.10","22,400.00","21,606.00","21,731.10","22,311.45","22,269.95","22,093.98","25,355.00","15,410.00",38076,"841,250,272.45",11921
197,16-Jul-2020,EQ,"22,031.90","22,031.90","21,250.00","21,843.25","21,670.00","21,731.10","21,626.32","25,355.00","15,410.00",42359,"916,069,436.80",13447
198,15-Jul-2020,EQ,"22,101.00","22,274.00","21,750.00","22,085.75","21,800.00","21,843.25","21,905.89","25,355.00","15,410.00",48201,"1,055,885,639.55",13459
199,14-Jul-2020,EQ,"22,388.00","22,394.80","21,710.45","22,311.20","22,000.00","22,085.75","22,019.68","25,355.00","15,410.00",61251,"1,348,727,411.85",16431
200,13-Jul-2020,EQ,"22,460.00","22,627.85","22,250.00","22,295.40","22,300.00","22,311.20","22,393.30","25,355.00","15,410.00",52262,"1,170,318,777.00",14024
201,10-Jul-2020,EQ,"22,799.00","22,799.00","22,182.20","22,803.60","22,400.00","22,295.40","22,401.05","25,355.00","15,410.00",44546,"997,877,301.60",14831
202,09-Jul-2020,EQ,"22,622.00","22,915.00","22,380.20","22,439.80","22,810.00","22,803.60","22,649.39","25,355.00","15,410.00",48256,"1,092,969,107.35",15280
203,08-Jul-2020,EQ,"22,900.00","23,050.00","22,345.95","22,824.10","22,452.00","22,439.80","22,579.86","25,355.00","15,410.00",57101,"1,289,332,817.35",18520
204,07-Jul-2020,EQ,"23,072.50","23,087.65","22,656.00","23,111.15","22,850.00","22,824.10","22,823.91","25,355.00","15,410.00",41646,"950,524,723.15",15470
205,06-Jul-2020,EQ,"22,879.00","23,215.00","22,850.75","22,872.65","23,051.65","23,111.15","22,998.80","25,355.00","15,410.00",84877,"1,952,069,123.75",12527
206,03-Jul-2020,EQ,"22,985.00","22,987.55","22,737.55","22,762.85","22,782.90","22,872.65","22,857.11","25,355.00","15,410.00",31513,"720,296,094.50",9707
207,02-Jul-2020,EQ,"22,850.00","22,950.00","22,511.00","22,663.50","22,806.00","22,762.85","22,727.13","25,355.00","15,410.00",42084,"956,448,338.90",11326
208,01-Jul-2020,EQ,"22,814.35","23,215.00","22,516.80","23,051.05","22,599.00","22,663.50","22,827.82","25,355.00","15,410.00",71638,"1,635,339,510.70",18543
209,30-Jun-2020,EQ,"22,353.85","23,330.00","22,341.95","22,341.95","23,040.00","23,051.05","22,991.16","25,355.00","15,410.00",102429,"2,354,961,593.40",27662
210,29-Jun-2020,EQ,"22,450.00","22,483.85","21,927.60","22,523.85","22,353.85","22,341.95","22,189.50","25,355.00","15,410.00",49397,"1,096,094,975.95",13298
211,26-Jun-2020,EQ,"22,111.00","22,700.00","21,863.40","22,068.80","22,674.45","22,523.85","22,213.19","25,355.00","15,410.00",56262,"1,249,758,750.45",15363
212,25-Jun-2020,EQ,"22,495.00","22,619.10","21,889.00","22,566.25","22,148.00","22,068.80","22,306.44","25,355.00","15,410.00",47016,"1,048,759,418.65",13732
213,24-Jun-2020,EQ,"22,750.00","23,068.00","22,330.00","22,756.25","22,476.90","22,566.25","22,680.36","25,355.00","15,410.00",67022,"1,520,082,951.80",16609
214,23-Jun-2020,EQ,"22,100.00","22,943.10","22,050.00","22,017.60","22,801.00","22,756.25","22,446.79","25,355.00","15,410.00",56193,"1,261,352,407.95",15384
215,22-Jun-2020,EQ,"21,710.00","22,199.95","21,530.05","21,678.95","22,100.00","22,017.60","21,856.06","25,355.00","15,410.00",97692,"2,135,162,075.55",19308
216,19-Jun-2020,EQ,"21,840.00","21,930.00","21,566.45","21,866.10","21,650.00","21,678.95","21,738.93","25,355.00","15,410.00",64310,"1,398,030,724.10",14660
217,18-Jun-2020,EQ,"21,718.00","21,998.95","21,410.00","21,635.40","21,850.00","21,866.10","21,695.72","25,355.00","15,410.00",83639,"1,814,608,623.70",16319
218,17-Jun-2020,EQ,"21,978.00","22,079.50","21,514.30","22,111.30","21,690.00","21,635.40","21,744.60","25,355.00","15,410.00",70852,"1,540,648,243.55",18545
219,16-Jun-2020,EQ,"22,291.70","22,539.95","21,800.00","22,117.25","21,977.40","22,111.30","22,184.48","25,355.00","15,410.00",70321,"1,560,034,700.75",20150
220,15-Jun-2020,EQ,"22,260.00","22,361.05","21,750.00","22,392.65","22,082.25","22,117.25","22,051.63","25,355.00","15,410.00",99776,"2,200,223,840.65",25423
221,12-Jun-2020,EQ,"20,700.00","23,137.25","20,700.00","21,251.20","22,489.00","22,392.65","21,857.22","25,355.00","15,410.00",147218,"3,217,776,560.25",28551
222,11-Jun-2020,EQ,"21,648.00","21,648.00","21,204.50","21,513.30","21,277.65","21,251.20","21,399.97","25,355.00","15,410.00",49993,"1,069,848,661.80",16011
223,10-Jun-2020,EQ,"21,171.05","21,611.05","21,149.85","21,009.80","21,598.00","21,513.30","21,444.29","25,355.00","15,410.00",49867,"1,069,362,296.45",15034
224,09-Jun-2020,EQ,"21,535.95","21,585.00","20,908.80","21,180.90","21,098.95","21,009.80","21,254.93","25,355.00","15,410.00",64086,"1,362,143,358.15",18303
225,08-Jun-2020,EQ,"22,117.75","22,296.50","21,000.00","22,089.60","21,228.00","21,180.90","21,591.85","25,355.00","15,410.00",73283,"1,582,315,746.60",22153
226,05-Jun-2020,EQ,"21,500.00","22,430.00","21,500.00","21,396.65","22,000.00","22,089.60","21,917.03","25,355.00","15,410.00",55227,"1,210,411,849.10",14167
227,04-Jun-2020,EQ,"21,611.00","21,869.50","21,067.40","21,630.10","21,385.00","21,396.65","21,405.55","25,355.00","15,410.00",43072,"921,979,896.90",15349
228,03-Jun-2020,EQ,"21,544.00","21,740.00","21,251.00","21,201.00","21,670.95","21,630.10","21,569.31","25,355.00","15,410.00",49111,"1,059,290,626.45",15732
229,02-Jun-2020,EQ,"21,180.00","21,340.00","20,952.65","21,069.35","21,241.50","21,201.00","21,164.81","25,355.00","15,410.00",42170,"892,520,069.45",13248
230,01-Jun-2020,EQ,"20,857.30","21,464.70","20,855.50","20,857.30","21,025.00","21,069.35","21,089.07","25,355.00","15,410.00",74696,"1,575,269,113.85",20255
231,29-May-2020,EQ,"20,850.00","21,049.00","20,608.90","20,808.90","20,800.00","20,857.30","20,873.85","25,355.00","15,410.00",76672,"1,600,439,854.70",22038
232,28-May-2020,EQ,"20,649.00","21,163.35","20,260.80","20,477.55","20,900.00","20,808.90","20,627.91","25,355.00","15,410.00",77640,"1,601,551,055.45",21963
233,27-May-2020,EQ,"20,702.75","20,900.00","20,300.00","20,667.30","20,535.00","20,477.55","20,511.48","25,355.00","15,410.00",81015,"1,661,737,515.50",23165
234,26-May-2020,EQ,"19,810.10","20,759.95","19,700.00","19,910.25","20,540.00","20,667.30","20,371.54","25,355.00","15,410.00",115383,"2,350,529,800.90",29084
235,22-May-2020,EQ,"19,019.00","20,079.95","18,803.20","19,251.15","19,850.00","19,910.25","19,500.60","25,355.00","15,410.00",97537,"1,902,029,921.30",25921
236,21-May-2020,EQ,"19,156.00","19,349.60","18,750.00","19,411.65","19,180.00","19,251.15","19,077.00","25,355.00","15,410.00",83404,"1,591,098,169.05",24447
237,20-May-2020,EQ,"18,351.05","20,150.45","18,351.05","18,340.75","19,484.95","19,411.65","18,972.30","25,355.00","15,410.00",95883,"1,819,120,774.30",25748
238,19-May-2020,EQ,"18,300.00","18,820.00","18,075.00","18,152.70","18,400.00","18,340.75","18,465.40","25,355.00","15,410.00",68436,"1,263,697,780.35",21340
239,18-May-2020,EQ,"19,200.00","19,239.45","18,000.00","19,180.50","18,115.00","18,152.70","18,655.69","25,355.00","15,410.00",66740,"1,245,080,915.45",20829
240,15-May-2020,EQ,"19,509.90","19,563.55","18,811.50","19,310.80","19,059.70","19,180.50","19,073.26","25,355.00","15,410.00",52718,"1,005,504,112.85",16395
241,14-May-2020,EQ,"19,700.00","19,928.85","19,165.10","19,763.25","19,355.00","19,310.80","19,408.39","25,355.00","15,410.00",76779,"1,490,156,574.45",16153
242,13-May-2020,EQ,"19,534.95","20,309.95","19,442.45","19,127.20","19,800.00","19,763.25","19,935.15","25,355.00","15,410.00",97463,"1,942,939,857.15",26315
243,12-May-2020,EQ,"18,845.25","19,232.00","18,416.50","18,914.90","19,130.00","19,127.20","18,824.26","25,355.00","15,410.00",45808,"862,301,842.90",12101
244,11-May-2020,EQ,"19,099.00","19,299.00","18,812.75","18,732.75","18,945.00","18,914.90","19,052.09","25,355.00","15,410.00",86212,"1,642,518,806.25",21412
245,08-May-2020,EQ,"18,680.00","18,879.45","18,450.10","18,432.40","18,665.00","18,732.75","18,684.29","25,355.00","15,410.00",37689,"704,192,255.95",10850
246,07-May-2020,EQ,"18,741.90","18,884.20","18,041.95","18,741.90","18,380.00","18,432.40","18,452.47","25,355.00","15,410.00",44718,"825,157,529.65",12679
247,06-May-2020,EQ,"18,624.95","18,930.00","18,523.55","18,512.00","18,845.00","18,741.90","18,762.98","25,355.00","15,410.00",31793,"596,531,268.00",9242
248,05-May-2020,EQ,"18,675.50","18,899.85","18,250.00","18,625.00","18,529.95","18,512.00","18,581.07","25,355.00","15,410.00",43081,"800,491,187.60",13375
249,04-May-2020,EQ,"19,174.00","19,304.65","18,540.00","19,767.90","18,590.00","18,625.00","18,827.35","25,355.00","15,410.00",35572,"669,726,626.75",13289
250,30-Apr-2020,EQ,"19,300.00","19,890.00","19,118.45","19,171.45","19,610.00","19,767.90","19,603.59","25,355.00","15,410.00",53649,"1,051,712,868.05",13061
